Ref,Val,Package,PosX,PosY,Rot,Side
"C1","47nF","C_0402_1005Metric",145.399999,-108.955000,90.000000,top
"C2","47nF","C_0402_1005Metric",146.449999,-108.955000,90.000000,top
"C3","1nF","C_0402_1005Metric",145.600000,-112.194999,-90.000000,top
"C4","39pF","C_0402_1005Metric",148.650000,-114.354999,90.000000,top
"C5","3.3pF","C_0402_1005Metric",150.100000,-114.800000,0.000000,top
"C6","100nF","C_0402_1005Metric",149.230000,-100.200000,180.000000,top
"C7","3.3pF","C_0402_1005Metric",150.180000,-116.805000,0.000000,top
"C8","100nF","C_0402_1005Metric",152.820000,-107.424999,-90.000000,top
"C9","470nF","C_0402_1005Metric",151.849999,-107.424999,-90.000000,top
"C10","15pF","C_0402_1005Metric",129.500000,-104.070000,-90.000000,top
"C11","15pF","C_0402_1005Metric",131.870000,-106.490000,0.000000,top
"C12","3.3pF","C_0402_1005Metric",151.599999,-105.255000,-90.000000,top
"C13","100nF","C_0402_1005Metric",137.850000,-91.170000,-90.000000,top
"C14","100nF","C_0402_1005Metric",139.950000,-91.170000,-90.000000,top
"C15","1uF","C_0402_1005Metric",138.900000,-91.170000,-90.000000,top
"C16","1uF","C_0402_1005Metric",147.199999,-100.574999,180.000000,top
"C17","100nF","C_0402_1005Metric",135.900000,-101.780000,90.000000,top
"C18","100nF","C_0402_1005Metric",139.920000,-92.600000,180.000000,top
"C19","100nF","C_0402_1005Metric",139.950000,-93.600000,180.000000,top
"C20","100nF","C_0402_1005Metric",134.700000,-91.170000,-90.000000,top
"C21","100nF","C_0402_1005Metric",152.930000,-95.605000,-90.000000,top
"C22","100nF","C_0402_1005Metric",129.950000,-94.870000,90.000000,top
"C23","100nF","C_0402_1005Metric",129.500000,-97.620000,0.000000,top
"C24","10uF","C_0402_1005Metric",150.110000,-93.055000,0.000000,top
"C25","10uF","C_0402_1005Metric",139.950000,-94.600000,180.000000,top
"C26","100nF","C_0402_1005Metric",135.200000,-87.650000,180.000000,top
"C27","100nF","C_0402_1005Metric",140.400000,-97.750000,180.000000,top
"C28","10nF","C_0402_1005Metric",150.800000,-113.000000,-90.000000,top
"FB1","BLM15AX102SN1D","L_0402_1005Metric",143.295000,-93.005000,0.000000,top
"FL1","0900FM15K0039","Balun_Johanson_0900FM15K0039",148.949999,-108.875001,-90.000000,top
"J1","USB_C_Receptacle_USB2.0_16P","USB_C_Receptacle_GCT_USB4105-xx-A_16P_TopMnt_Horizontal",147.030000,-84.425000,180.000000,top
"J2","Conn_Coaxial_Small","U.FL_Molex_MCRF_73412-0110_Vertical",149.175001,-119.700000,180.000000,top
"L1","9.1nH","L_0402_1005Metric",150.300000,-107.024999,180.000000,top
"L2","9.1nH","L_0402_1005Metric",148.649999,-116.315000,-90.000000,top
"L3","15uH","L_0805_2012Metric_Pad1.15x1.40mm_HandSolder",152.100000,-99.150000,0.000000,top
"R1","100","R_0402_1005Metric",146.600000,-112.174999,90.000000,top
"R2","1K","R_0402_1005Metric",134.450000,-101.850000,90.000000,top
"R3","10K","R_0402_1005Metric",137.800000,-103.600000,-90.000000,top
"R4","27.4","R_0402_1005Metric",135.750000,-91.150000,-90.000000,top
"R5","27.4","R_0402_1005Metric",136.800000,-91.150000,-90.000000,top
"R6","1K","R_0402_1005Metric",125.900000,-85.700000,90.000000,top
"R8","5.1K","R_0402_1005Metric",147.900000,-95.890001,-90.000000,top
"R9","5.1K","R_0402_1005Metric",145.430000,-93.465000,-90.000000,top
"SW1","BOOTSEL","SW_Tactile_SPST_NO_Straight_CK_PTS636Sx25SMTRLFS",131.550000,-84.110000,180.000000,top
"SW2","RESET","SW_Tactile_SPST_NO_Straight_CK_PTS636Sx25SMTRLFS",141.250000,-106.250000,90.000000,top
"U1","PE4259","SOT-363_SC-70-6",148.650000,-111.724999,-90.000000,top
"U2","SX1262IMLTRT","QFN-24-1EP_4x4mm_P0.5mm_EP2.6x2.6mm",148.450000,-103.737499,180.000000,top
"U3","W25Q128JVS","SOIC-8_5.3x5.3mm_P1.27mm",129.462500,-89.555000,0.000000,top
"U4","RP2040","QFN-56-1EP_7x7mm_P0.4mm_EP3.2x3.2mm",134.650000,-96.687500,0.000000,top
"U5","AP2112K-3.3","SOT-23-5",150.630000,-95.592500,-90.000000,top
"Y1","32MHz","Crystal_SMD_3225-4Pin_3.2x2.5mm",153.600000,-102.400000,180.000000,top
"Y2","12MHz","Crystal_SMD_Abracon_ABM8G-4Pin_3.2x2.5mm",131.850000,-103.890000,-90.000000,top
