Id,Designator,Footprint,Quantity,Designation,Supplier and ref
1,Y2,Crystal_SMD_Abracon_ABM8G-4Pin_3.2x2.5mm,1,12MHz,LCSC C276421
2,AE1,PinSocket_1x01_P2.54mm_Vertical,1,Antenna,LCSC
3,SW2,SW_Tactile_SPST_NO_Straight_CK_PTS636Sx25SMTRLFS,1,RESET,LCSC C2689642 
4,"R4,R5",R_0402_1005Metric,2,27.4,LCSC C3951825
5,"C5,C12,C7",C_0402_1005Metric,3,3.3pF,LCSC C327287
6,"C26,C22,C14,C8,C13,C18,C27,C19,C20,C6,C21,C23,C17",C_0402_1005Metric,13,100nF,LCSC C1525
7,R3,R_0402_1005Metric,1,10K,LCSC C60490
8,"C25,C24",C_0402_1005Metric,2,10uF,LCSC C408132
9,U2,QFN-24-1EP_4x4mm_P0.5mm_EP2.6x2.6mm,1,SX1262IMLTRT,LCSC C191341
10,J1,USB_C_Receptacle_GCT_USB4105-xx-A_16P_TopMnt_Horizontal,1,USB_C_Receptacle_USB2.0_16P,LCSC C2988369
11,"R2,R6",R_0402_1005Metric,2,1K,LCSC C106235
22,L3,L_0805_2012Metric_Pad1.15x1.40mm_HandSolder,1,15uH,LCSC C383402
13,"R9,R8",R_0402_1005Metric,2,5.1K,LCSC C105872
14,"C16,C15",C_0402_1005Metric,2,1uF,LCSC C29266
15,U3,SOIC-8_5.3x5.3mm_P1.27mm,1,W25Q128JVS,LCSC C113767
16,U5,SOT-23-5,1,AP2112K-3.3,LCSC C23380830
17,U1,SOT-363_SC-70-6,1,PE4259,LCSC C470892
18,"C11,C10",C_0402_1005Metric,2,15pF,LCSC C441742
19,"C1,C2",C_0402_1005Metric,2,47nF,LCSC C880605
20,FB1,L_0402_1005Metric,1,BLM15AX102SN1D,LCSC C85815
21,FL1,Balun_Johanson_0900FM15K0039,1,0900FM15K0039,LCSC C7434807
22,C3,C_0402_1005Metric,1,1nF,LCSC C14442
23,U4,QFN-56-1EP_7x7mm_P0.4mm_EP3.2x3.2mm,1,RP2040,LCSC C2040
24,SW1,SW_Tactile_SPST_NO_Straight_CK_PTS636Sx25SMTRLFS,1,BOOTSEL,LCSC C2689642 
25,L2,L_0402_1005Metric,1,9.1nH,LCSC C162547
26,Y1,Crystal_SMD_3225-4Pin_3.2x2.5mm,1,32MHz,LCSC C7275126
27,R1,R_0402_1005Metric,1,100,LCSC C2906884
28,C4,C_0402_1005Metric,1,39pF,LCSC C106223
29,C9,C_0402_1005Metric,1,470nF,LCSC C47339
30,J2,I-PEX 'MHF 7' Micro-Coax 45 GHz RF Receptacle,1,Conn_Coaxial_Small,Digikey https://www.digikey.com/en/products/detail/i-pex/20981-001E-02/22109065