"Id";"Designator";"Footprint";"Quantity";"Designation";"Supplier and ref";
1;"Y2";"Crystal_SMD_Abracon_ABM8G-4Pin_3.2x2.5mm";1;"12MHz";;;
2;"AE1";"PinSocket_1x01_P2.54mm_Vertical";1;"Antenna";;;
3;"SW2";"SW_Tactile_SPST_NO_Straight_CK_PTS636Sx25SMTRLFS";1;"RESET";;;
4;"R4,R5";"R_0402_1005Metric";2;"27.4";;;
5;"C5,C12,C7";"C_0402_1005Metric";3;"3.3pF";;;
6;"C26,C22,C14,C8,C13,C18,C27,C19,C20,C6,C21,C23,C17";"C_0402_1005Metric";13;"100nF";;;
7;"R3";"R_0402_1005Metric";1;"10K";;;
8;"C25,C24";"C_0402_1005Metric";2;"10uF";;;
9;"U2";"QFN-24-1EP_4x4mm_P0.5mm_EP2.6x2.6mm";1;"SX1262IMLTRT";;;
10;"J1";"USB_C_Receptacle_GCT_USB4105-xx-A_16P_TopMnt_Horizontal";1;"USB_C_Receptacle_USB2.0_16P";;;
11;"R2,R6";"R_0402_1005Metric";2;"1K";;;
12;"L1,L3";"L_0402_1005Metric";2;"L";;;
13;"R9,R8";"R_0402_1005Metric";2;"5.1K";;;
14;"C16,C15";"C_0402_1005Metric";2;"1uF";;;
15;"U3";"SOIC-8_5.3x5.3mm_P1.27mm";1;"W25Q128JVS";;;
16;"U5";"SOT-23-5";1;"AP2112K-3.3";;;
17;"U1";"SOT-363_SC-70-6";1;"PE4259";;;
18;"C11,C10";"C_0402_1005Metric";2;"15pF";;;
19;"C1,C2";"C_0402_1005Metric";2;"47nF";;;
20;"FB1";"L_0402_1005Metric";1;"BLM15AX102SN1D";;;
21;"FL1";"Balun_Johanson_0900FM15K0039";1;"0900FM15K0039";;;
22;"C3";"C_0402_1005Metric";1;"1nF";;;
23;"U4";"QFN-56-1EP_7x7mm_P0.4mm_EP3.2x3.2mm";1;"RP2040";;;
24;"SW1";"SW_Tactile_SPST_NO_Straight_CK_PTS636Sx25SMTRLFS";1;"BOOTSEL";;;
25;"L2";"L_0402_1005Metric";1;"9.1nH";;;
26;"Y1";"Crystal_SMD_3225-4Pin_3.2x2.5mm";1;"32MHz";;;
27;"R1";"R_0402_1005Metric";1;"100";;;
28;"C4";"C_0402_1005Metric";1;"39pF";;;
29;"C9";"C_0402_1005Metric";1;"470nF";;;
